----isotherm parameters----,
start time: ,2022-11-30 13:51:41.409098+00:00
end time: ,2022-11-30 13:54:52.980683+00:00
number of smooting values: ,1
total sample steps: ,2000
stepper delay: ,0.001
area_change_expected: ,1.40E+18
molecules deposited: ,1.23E+16
----isotherm data----,
area_per_molecule (Ang^2/molecule),surface pressure (mN/m)
128.2764228,0.454833473
128.2195122,0.444569313
128.1626016,0.444569313
128.1056911,0.430313534
128.0487805,0.430313534
127.9918699,0.425751685
127.9349593,0.420619604
127.8780488,0.426321916
127.8211382,0.429173071
127.7642276,0.436586076
127.7073171,0.436586076
127.6504065,0.416627986
127.5934959,0.406363825
127.5365854,0.406363825
127.4796748,0.375571343
127.4227642,0.375571343
127.3658537,0.375571343
127.3089431,0.369298801
127.2520325,0.369298801
127.195122,0.38412481
127.1382114,0.405223363
127.0813008,0.405223363
127.0243902,0.392678278
126.9674797,0.380133192
126.9105691,0.360175102
126.8536585,0.339646781
126.796748,0.333944469
126.7398374,0.320829153
126.6829268,0.316267303
126.6260163,0.316267303
126.5691057,0.31968869
126.5121951,0.327671927
126.4552846,0.325961233
126.398374,0.325961233
126.3414634,0.330523082
126.2845528,0.330523082
126.2276423,0.322539846
126.1707317,0.322539846
126.1138211,0.341357474
126.0569106,0.355043022
126,0.355043022
125.9430894,0.340787243
125.8861789,0.340787243
125.8292683,0.348770479
125.7723577,0.361885796
125.7154472,0.361885796
125.6585366,0.378422499
125.601626,0.38412481
125.5447154,0.384695042
125.4878049,0.385835504
125.4308943,0.385265273
125.3739837,0.385835504
125.3170732,0.400661514
125.2601626,0.402942438
125.203252,0.400661514
125.1463415,0.391537815
125.0894309,0.391537815
125.0325203,0.409214981
124.9756098,0.413206599
124.9186992,0.410925675
124.8617886,0.406363825
124.804878,0.406363825
124.7479675,0.412066137
124.6910569,0.412066137
124.6341463,0.385835504
124.5772358,0.385835504
124.5203252,0.40351267
124.4634146,0.40351267
124.4065041,0.380133192
124.3495935,0.35903464
124.2926829,0.35903464
124.2357724,0.394959202
124.1788618,0.394959202
124.1219512,0.362456027
124.0650407,0.346489555
124.0081301,0.346489555
123.9512195,0.355043022
123.8943089,0.35903464
123.8373984,0.361885796
123.7804878,0.361885796
123.7235772,0.337365856
123.6666667,0.337365856
123.6097561,0.352762097
123.5528455,0.370439263
123.495935,0.369298801
123.4390244,0.369298801
123.3821138,0.361885796
123.3252033,0.361885796
123.2682927,0.352191866
123.2113821,0.352191866
123.1544715,0.355043022
123.097561,0.357323946
123.0406504,0.37386065
122.9837398,0.37386065
122.9268293,0.37386065
122.8699187,0.377852268
122.8130081,0.377852268
122.7560976,0.371009494
122.699187,0.371009494
122.6422764,0.35903464
122.5853659,0.35903464
122.5284553,0.39381874
122.4715447,0.39381874
122.4146341,0.345919323
122.3577236,0.292887826
122.300813,0.292887826
122.2439024,0.292887826
122.1869919,0.317977997
122.1300813,0.317977997
122.0731707,0.292887826
122.0162602,0.313416148
121.9593496,0.313416148
121.902439,0.279202279
121.8455285,0.279202279
121.7886179,0.291177133
121.7317073,0.291177133
121.6747967,0.283193897
121.6178862,0.283193897
121.5609756,0.282623666
121.504065,0.254112108
121.4471545,0.248409796
121.3902439,0.225030319
121.3333333,0.225030319
121.2764228,0.204501998
121.2195122,0.188535526
121.1626016,0.18568437
121.1056911,0.18568437
121.0487805,0.160023968
120.9918699,0.160023968
120.9349593,0.162875124
120.8780488,0.162875124
120.8211382,0.146908652
120.7642276,0.138925415
120.7073171,0.133223104
120.6504065,0.133223104
120.5934959,0.079621376
120.5365854,0.089315305
120.4796748,0.089315305
120.4227642,0.051680049
120.3658537,0.041415889
120.3089431,0.037994502
120.2520325,0.037994502
120.195122,0.07163814
120.1382114,0.07163814
120.0813008,0.041415889
120.0243902,0.011193638
119.9674797,0.011193638
119.9105691,0.011193638
119.8536585,0.004350864
119.796748,-0.015036995
119.7398374,-0.017888151
119.6829268,-0.049821096
119.6260163,-0.059515025
119.5691057,-0.10171213
119.5121951,-0.129083226
119.4552846,-0.129653457
119.398374,-0.172420793
119.3414634,-0.194089577
119.2845528,-0.199221657
119.2276423,-0.199221657
119.1707317,-0.211196512
119.1138211,-0.239708069
119.0569106,-0.280194481
119,-0.280194481
118.9430894,-0.274492169
118.8861789,-0.274492169
118.8292683,-0.295020491
118.7723577,-0.297301415
118.7154472,-0.312697656
118.6585366,-0.326953435
118.601626,-0.338358058
118.5447154,-0.340068752
118.4878049,-0.340068752
118.4308943,-0.336647365
118.3739837,-0.336647365
118.3170732,-0.342349676
118.2601626,-0.342349676
118.203252,-0.331515284
118.1463415,-0.328664129
118.0894309,-0.326383204
118.0325203,-0.321251124
117.9756098,-0.321251124
117.9186992,-0.320110661
117.8617886,-0.313267888
117.804878,-0.312127425
117.7479675,-0.312127425
117.6910569,-0.330945053
117.6341463,-0.372571927
117.5772358,-0.409636952
117.5203252,-0.409636952
117.4634146,-0.407356028
117.4065041,-0.407356028
117.3495935,-0.415339264
117.2926829,-0.425603424
117.2357724,-0.433016429
117.1788618,-0.470651685
117.1219512,-0.470651685
117.0650407,-0.470651685
117.0081301,-0.465519605
116.9512195,-0.472362379
116.8943089,-0.473502841
116.8373984,-0.473502841
116.7804878,-0.477494459
116.7235772,-0.477494459
116.6666667,-0.467230298
116.6097561,-0.467230298
116.5528455,-0.47293261
116.495935,-0.47293261
116.4390244,-0.469511223
116.3821138,-0.431305736
116.3252033,-0.429024811
116.2682927,-0.41362857
116.2113821,-0.396521636
116.1544715,-0.396521636
116.097561,-0.409636952
116.0406504,-0.411347646
115.9837398,-0.411347646
115.9268293,-0.391389555
115.8699187,-0.391389555
115.8130081,-0.38397655
115.7560976,-0.38397655
115.699187,-0.365158922
115.6422764,-0.365158922
115.5853659,-0.365158922
115.5284553,-0.356035224
115.4715447,-0.34406037
115.4146341,-0.313838119
115.3577236,-0.28988841
115.300813,-0.28988841
115.2439024,-0.286467024
115.1869919,-0.261947084
115.1300813,-0.239137838
115.0731707,-0.213477436
115.0162602,-0.201502582
114.9593496,-0.201502582
114.902439,-0.141628311
114.8455285,-0.100001437
114.7886179,-0.100001437
114.7317073,-0.084605196
114.6747967,-0.084605196
114.6178862,-0.04696994
114.5609756,-0.042978322
114.504065,-0.029863005
114.4471545,-0.018458382
114.3902439,-0.018458382
114.3333333,-0.026441618
114.2764228,-0.026441618
114.2195122,-0.011615609
114.1626016,0.011193638
114.1056911,0.01746618
114.0487805,0.027730341
113.9918699,0.027730341
113.9349593,0.027730341
113.8780488,0.052820512
113.8211382,0.055671667
113.7642276,0.055671667
113.7073171,0.035713577
113.6504065,0.034002884
113.5934959,0.03229219
113.5365854,0.03229219
113.4796748,0.03229219
113.4227642,0.03229219
113.3658537,0.036283808
113.3089431,0.037994502
113.2520325,0.036283808
113.195122,0.037994502
113.1382114,0.040275426
113.0813008,0.021457798
113.0243902,0.021457798
112.9674797,0.034573115
112.9105691,0.034573115
112.8536585,0.014615024
112.796748,0.007772251
112.7398374,0.006061557
112.6829268,0.007772251
112.6260163,0.006061557
112.5691057,-0.005343066
112.5121951,-0.005343066
112.4552846,0.001499708
112.398374,-0.007053759
112.3414634,-0.041267628
112.2845528,-0.044689015
112.2276423,-0.066357799
112.1707317,-0.069779186
112.1138211,-0.069779186
112.0569106,-0.069779186
112,-0.081183809
111.9430894,-0.089167045
111.8861789,-0.089167045
111.8292683,-0.078902884
111.7723577,-0.071489879
111.7154472,-0.078902884
111.6585366,-0.093728894
111.601626,-0.119389296
111.5447154,-0.119389296
111.4878049,-0.165578019
111.4308943,-0.1707101
111.3739837,-0.1707101
111.3170732,-0.1707101
111.2601626,-0.1707101
111.203252,-0.1707101
111.1463415,-0.1707101
111.0894309,-0.180974261
111.0325203,-0.171850562
110.9756098,-0.171850562
110.9186992,-0.158165014
110.8617886,-0.165578019
110.804878,-0.166148251
110.7479675,-0.166148251
110.6910569,-0.129653457
110.6341463,-0.129653457
110.5772358,-0.146760391
110.5203252,-0.150181778
110.4634146,-0.158165014
110.4065041,-0.158165014
110.3495935,-0.165007788
110.2926829,-0.165007788
110.2357724,-0.182684954
110.1788618,-0.182684954
110.1219512,-0.167858944
110.0650407,-0.130793919
110.0081301,-0.130793919
109.9512195,-0.125661839
109.8943089,-0.12623207
109.8373984,-0.124521377
109.7804878,-0.11140606
109.7235772,-0.10627398
109.6666667,-0.09144797
109.6097561,-0.09144797
109.5528455,-0.10171213
109.495935,-0.113116753
109.4390244,-0.134785537
109.3821138,-0.134785537
109.3252033,-0.119959527
109.2682927,-0.102852593
109.2113821,-0.10171213
109.1544715,-0.102852593
109.097561,-0.119389296
109.0406504,-0.119389296
108.9837398,-0.090877739
108.9268293,-0.090877739
108.8699187,-0.110835829
108.8130081,-0.112546522
108.7560976,-0.118248834
108.699187,-0.131934381
108.6422764,-0.117678603
108.5853659,-0.117678603
108.5284553,-0.117678603
108.4715447,-0.124521377
108.4146341,-0.124521377
108.3577236,-0.124521377
108.300813,-0.129653457
108.2439024,-0.134215306
108.1869919,-0.134215306
108.1300813,-0.136496231
108.0731707,-0.146760391
108.0162602,-0.146760391
107.9593496,-0.125661839
107.902439,-0.142768773
107.8455285,-0.142768773
107.7886179,-0.142768773
107.7317073,-0.14619016
107.6747967,-0.14619016
107.6178862,-0.14619016
107.5609756,-0.140487849
107.504065,-0.140487849
107.4471545,-0.133645075
107.3902439,-0.133645075
107.3333333,-0.137066462
107.2764228,-0.140487849
107.2195122,-0.143909236
107.1626016,-0.142768773
107.1056911,-0.142768773
107.0487805,-0.127942763
106.9918699,-0.11653814
106.9349593,-0.11653814
106.8780488,-0.122240452
106.8211382,-0.122240452
106.7642276,-0.098860975
106.7073171,-0.098860975
106.6504065,-0.135355768
106.5934959,-0.135355768
106.5365854,-0.125661839
106.4796748,-0.118819065
106.4227642,-0.105703749
106.3658537,-0.073770804
106.3089431,-0.073770804
106.2520325,-0.086315889
106.195122,-0.086315889
106.1382114,-0.082324271
106.0813008,-0.082324271
106.0243902,-0.102282362
105.9674797,-0.102282362
105.9105691,-0.09658005
105.8536585,-0.09658005
105.796748,-0.077762422
105.7398374,-0.077762422
105.6829268,-0.098860975
105.6260163,-0.098860975
105.5691057,-0.065787568
105.5121951,-0.065787568
105.4552846,-0.058374563
105.398374,-0.058374563
105.3414634,-0.058374563
105.2845528,-0.058944794
105.2276423,-0.073770804
105.1707317,-0.07662196
105.1138211,-0.073770804
105.0569106,-0.070919648
105,-0.042978322
104.9430894,-0.043548553
104.8861789,-0.058374563
104.8292683,-0.048680633
104.7723577,-0.048680633
104.7154472,-0.044689015
104.6585366,-0.033284392
104.601626,-0.033284392
104.5447154,-0.042408091
104.4878049,-0.042408091
104.4308943,-0.042408091
104.3739837,-0.043548553
104.3170732,-0.050961558
104.2601626,-0.050961558
104.203252,-0.038986704
104.1463415,-0.036135548
104.0894309,-0.036135548
104.0325203,-0.036135548
103.9756098,-0.040697397
103.9186992,-0.042978322
103.8617886,-0.054382945
103.804878,-0.05666387
103.7479675,-0.054382945
103.6910569,-0.054382945
103.6341463,-0.049821096
103.5772358,-0.033284392
103.5203252,-0.02245
103.4634146,-0.007053759
103.4065041,-0.013896533
103.3495935,-0.031003468
103.2926829,-0.031003468
103.2357724,-0.003632372
103.1788618,0.024879185
103.1219512,0.028870803
103.0650407,0.030011265
103.0081301,0.039134964
102.9512195,0.039134964
102.8943089,0.03742427
102.8373984,0.03742427
102.7804878,0.061373979
102.7235772,0.063084672
102.6666667,0.09672831
102.6097561,0.09672831
102.5528455,0.079051145
102.495935,0.079051145
102.4390244,0.07677022
102.3821138,0.089885536
102.3252033,0.129231486
102.2682927,0.136644491
102.2113821,0.136644491
102.1544715,0.130371948
102.097561,0.129231486
102.0406504,0.130371948
101.9837398,0.133223104
101.9268293,0.13151241
101.8699187,0.13151241
101.8130081,0.133223104
101.7560976,0.160594199
101.699187,0.167436973
101.6422764,0.167436973
101.5853659,0.164585817
101.5284553,0.160023968
101.4715447,0.160023968
101.4146341,0.158313275
101.3577236,0.153751425
101.300813,0.153751425
101.2439024,0.176560671
101.1869919,0.163445355
101.1300813,0.163445355
101.0731707,0.163445355
101.0162602,0.145197958
100.9593496,0.145197958
100.902439,0.140065878
100.8455285,0.154891888
100.7886179,0.160023968
100.7317073,0.160023968
100.6747967,0.142346802
100.6178862,0.130371948
100.5609756,0.130371948
100.504065,0.118967325
100.4471545,0.118967325
100.3902439,0.144057496
100.3333333,0.144057496
100.2764228,0.135504028
100.2195122,0.135504028
100.1626016,0.129801717
100.1056911,0.091025999
100.0487805,0.081332069
99.99186992,0.072208371
99.93495935,0.081332069
99.87804878,0.097868773
99.82113821,0.097868773
99.76422764,0.065365597
99.70731707,0.065365597
99.6504065,0.069927446
99.59349593,0.076199989
99.53658537,0.076199989
99.4796748,0.07163814
99.42276423,0.07163814
99.36585366,0.073348833
99.30894309,0.073348833
99.25203252,0.063654903
99.19512195,0.057382361
99.13821138,0.054531205
99.08130081,0.049969356
99.02439024,0.048828893
98.96747967,0.03742427
98.91056911,0.035143346
98.85365854,0.028870803
98.79674797,0.028870803
98.7398374,0.030581497
98.68292683,0.030581497
98.62601626,0.010623406
98.56910569,0.000359246
98.51219512,0.000359246
98.45528455,0.000359246
98.39837398,0.008912713
98.34146341,0.031151728
98.28455285,0.000929477
98.22764228,-0.004202604
98.17073171,-0.005913297
98.11382114,-0.004202604
98.05691057,-0.005913297
98,-0.011045377
97.94308943,-0.011045377
97.88617886,0.022028029
97.82926829,0.022028029
97.77235772,0.010053175
97.71544715,-0.033854623
97.65853659,-0.033854623
97.60162602,-0.035565317
97.54471545,-0.041267628
97.48780488,0.01746618
97.43089431,0.037994502
97.37398374,0.037994502
97.31707317,0.002069939
97.2601626,0.002069939
97.20325203,0.012904331
97.14634146,0.012904331
97.08943089,0.012904331
97.03252033,0.030011265
96.97560976,0.038564733
96.91869919,0.038564733
96.86178862,0.011193638
96.80487805,-0.017888151
96.74796748,-0.017888151
96.69105691,0.014044793
96.63414634,0.014044793
96.57723577,0.014615024
96.5203252,0.027730341
96.46341463,0.027730341
96.40650407,0.01746618
96.3495935,0.002069939
96.29268293,0.002069939
96.23577236,0.001499708
96.17886179,0.003210401
96.12195122,0.031721959
96.06504065,0.001499708
96.00813008,0.001499708
95.95121951,0.026019647
95.89430894,0.030011265
95.83739837,0.035713577
95.7804878,0.036854039
95.72357724,0.036854039
95.66666667,0.001499708
95.6097561,0.000359246
95.55284553,0.000359246
95.49593496,0.001499708
95.43902439,0.001499708
95.38211382,0.016325718
95.32520325,0.016895949
95.26829268,-0.008764453
95.21138211,-0.008764453
95.15447154,0.012904331
95.09756098,0.023738723
95.04065041,0.024879185
94.98373984,0.031721959
94.92682927,0.031721959
94.8699187,0.012904331
94.81300813,0.012904331
94.75609756,0.012904331
94.69918699,-0.010475146
94.64227642,-0.010475146
94.58536585,-0.009904915
94.52845528,-0.017888151
94.47154472,-0.017888151
94.41463415,-0.019598845
94.35772358,-0.019598845
94.30081301,-0.016747689
94.24390244,-0.001351448
94.18699187,-0.001351448
94.1300813,-0.001921679
94.07317073,-0.001921679
94.01626016,0.005491326
93.95934959,0.005491326
93.90243902,-0.003062141
93.84552846,-0.019598845
93.78861789,-0.023020232
93.73170732,-0.058944794
93.67479675,-0.058944794
93.61788618,-0.055523407
93.56097561,-0.047540171
93.50406504,-0.047540171
93.44715447,-0.047540171
93.3902439,-0.04183786
93.33333333,-0.04183786
93.27642276,-0.037846242
93.2195122,-0.031573699
93.16260163,-0.037846242
93.10569106,-0.049821096
93.04878049,-0.053242483
92.99186992,-0.053242483
92.93495935,-0.049250865
92.87804878,-0.049250865
92.82113821,-0.049821096
92.76422764,-0.049821096
92.70731707,-0.049821096
92.6504065,-0.038986704
92.59349593,-0.034424855
92.53658537,-0.014466764
92.4796748,-0.014466764
92.42276423,-0.019028614
92.36585366,-0.019028614
92.30894309,-0.013326302
92.25203252,0.003780633
92.19512195,0.003780633
92.13821138,0.008342482
92.08130081,0.000929477
92.02439024,0.000929477
91.96747967,-0.005343066
91.91056911,-0.005343066
91.85365854,0.028870803
91.79674797,0.028870803
91.7398374,0.032862421
91.68292683,0.040275426
91.62601626,0.007772251
91.56910569,0.007772251
91.51219512,0.026589879
91.45528455,0.035143346
91.39837398,0.035143346
91.34146341,0.02716011
91.28455285,0.019176874
91.22764228,0.019176874
91.17073171,0.034573115
91.11382114,0.036854039
91.05691057,0.04198612
91,0.04198612
90.94308943,0.031151728
90.88617886,0.040275426
90.82926829,0.052820512
90.77235772,0.053390743
90.71544715,0.063084672
90.65853659,0.074489295
90.60162602,0.074489295
90.54471545,0.074489295
90.48780488,0.007772251
90.43089431,0.007772251
90.37398374,0.028300572
90.31707317,0.033432652
90.2601626,0.059093054
90.20325203,0.059093054
90.14634146,0.057952592
90.08943089,0.053390743
90.03252033,0.053390743
89.97560976,0.040275426
89.91869919,0.040275426
89.86178862,0.040275426
89.80487805,0.042556351
89.74796748,0.042556351
89.69105691,0.042556351
89.63414634,0.03742427
89.57723577,0.03229219
89.5203252,0.024879185
89.46341463,0.020317336
89.40650407,0.020887567
89.3495935,0.022028029
89.29268293,0.043696813
89.23577236,0.044837275
89.17886179,0.044837275
89.12195122,0.008912713
89.06504065,0.008912713
89.00813008,0.020317336
88.95121951,0.029441034
88.89430894,0.046547969
88.83739837,0.046547969
88.7804878,0.031721959
88.72357724,0.031721959
88.66666667,0.039705195
88.6097561,-0.003062141
88.55284553,-0.003062141
88.49593496,0.024879185
88.43902439,0.024879185
88.38211382,-0.000781217
88.32520325,-0.000781217
88.26829268,0.020317336
88.21138211,0.020317336
88.15447154,0.013474562
88.09756098,0.013474562
88.04065041,0.004921095
87.98373984,-0.000210986
87.92682927,-0.003632372
87.8699187,-0.009904915
87.81300813,-0.009904915
87.75609756,-0.005343066
87.69918699,-0.005343066
87.64227642,-0.009334684
87.58536585,-0.009334684
87.52845528,0.015185256
87.47154472,0.021457798
87.41463415,0.030581497
87.35772358,0.030581497
87.30081301,0.008342482
87.24390244,0.008342482
87.18699187,0.014615024
87.1300813,0.016895949
87.07317073,0.016895949
87.01626016,0.022598261
86.95934959,0.022598261
86.90243902,0.022598261
86.84552846,0.029441034
86.78861789,0.045407507
86.73170732,0.072208371
86.67479675,0.072208371
86.61788618,0.056241898
86.56097561,0.054531205
86.50406504,0.054531205
86.44715447,0.062514441
86.3902439,0.040845657
86.33333333,0.030011265
86.27642276,0.040845657
86.2195122,0.045977738
86.16260163,0.071067908
86.10569106,0.071067908
86.04878049,0.059663285
85.99186992,0.051109818
85.93495935,0.01746618
85.87804878,-0.058944794
85.82113821,-0.068068493
85.76422764,-0.107414442
85.70731707,-0.197510964
85.6504065,-0.286467024
85.59349593,-0.327523666
85.53658537,-0.340638983
85.4796748,-0.375993314
85.42276423,-0.410207183
85.36585366,-0.418760651
85.30894309,-0.437008047
85.25203252,-0.494031163
85.19512195,-0.514559484
85.13821138,-0.530525956
85.08130081,-0.575574217
85.02439024,-0.593251383
84.96747967,-0.626895021
84.91056911,-0.626895021
84.85365854,-0.667951664
84.79674797,-0.69076091
84.7398374,-0.70558692
84.68292683,-0.711859462
84.62601626,-0.746643563
84.56910569,-0.746643563
84.51219512,-0.746643563
84.45528455,-0.746643563
84.39837398,-0.752916105
84.34146341,-0.752916105
84.28455285,-0.752916105
84.22764228,-0.728396166
84.17073171,-0.708438076
84.11382114,-0.66624097
84.05691057,-0.64628288
84,-0.628035483
83.94308943,-0.597813232
83.88617886,-0.568161212
83.82926829,-0.551624509
83.77235772,-0.526534338
83.71544715,-0.508286941
83.65853659,-0.491750238
83.60162602,-0.415339264
83.54471545,-0.410207183
83.48780488,-0.39367048
83.43089431,-0.322391586
83.37398374,-0.318399968
83.31707317,-0.318399968
83.2601626,-0.318399968
83.20325203,-0.256815004
83.14634146,-0.245410381
83.08943089,-0.245410381
83.03252033,-0.245410381
82.97560976,-0.23514622
82.91869919,-0.23514622
82.86178862,-0.234005758
82.80487805,-0.234005758
82.74796748,-0.234005758
82.69105691,-0.241988994
82.63414634,-0.235716451
82.57723577,-0.226022521
82.5203252,-0.226022521
82.46341463,-0.227162984
82.40650407,-0.227162984
82.3495935,-0.219179748
82.29268293,-0.219179748
82.23577236,-0.227733215
82.17886179,-0.238567607
82.12195122,-0.247121074
82.06504065,-0.238567607
82.00813008,-0.248261536
81.95121951,-0.253963848
81.89430894,-0.2054942
81.83739837,-0.2054942
81.7804878,-0.187246803
81.72357724,-0.187246803
81.66666667,-0.184395647
81.6097561,-0.165578019
81.55284553,-0.147900854
81.49593496,-0.144479467
81.43902439,-0.137636693
81.38211382,-0.119389296
81.32520325,-0.119389296
81.26829268,-0.117108372
81.21138211,-0.089737276
81.15447154,-0.064076874
81.09756098,-0.064076874
81.04065041,-0.065787568
80.98373984,-0.065787568
80.92682927,-0.074341035
80.8699187,-0.074341035
80.81300813,-0.074341035
80.75609756,-0.067498261
80.69918699,-0.067498261
80.64227642,-0.06692803
80.58536585,-0.033854623
80.52845528,-0.033854623
80.47154472,-0.051531789
80.41463415,-0.049821096
80.35772358,-0.038416473
80.30081301,-0.038416473
80.24390244,-0.031003468
80.18699187,-0.033284392
80.1300813,-0.033284392
80.07317073,-0.044118784
80.01626016,-0.044118784
79.95934959,-0.034424855
79.90243902,-0.034424855
79.84552846,-0.034424855
79.78861789,-0.016747689
79.73170732,-0.042408091
79.67479675,-0.042408091
79.61788618,-0.03727601
79.56097561,-0.029292774
79.50406504,-0.031573699
79.44715447,-0.024730925
79.3902439,-0.031573699
79.33333333,-0.048110402
79.27642276,-0.048110402
79.2195122,-0.041267628
79.16260163,-0.041267628
79.10569106,-0.03214393
79.04878049,-0.03214393
78.99186992,-0.029863005
78.93495935,-0.018458382
78.87804878,-0.014466764
78.82113821,0.011193638
78.76422764,0.025449416
78.70731707,0.033432652
78.6504065,0.06707629
78.59349593,0.076199989
78.53658537,0.084183225
78.4796748,0.105281777
78.42276423,0.119537556
78.36585366,0.124099405
78.30894309,0.135504028
78.25203252,0.135504028
78.19512195,0.160023968
78.13821138,0.160023968
78.08130081,0.160023968
78.02439024,0.171998822
77.96747967,0.171998822
77.91056911,0.162304893
77.85365854,0.162304893
77.79674797,0.166296511
77.7398374,0.230732631
77.68292683,0.238715867
77.62601626,0.242137254
77.56910569,0.257533495
77.51219512,0.270648811
77.45528455,0.246128872
77.39837398,0.238145636
77.34146341,0.238145636
77.28455285,0.248409796
77.22764228,0.25012049
77.17073171,0.25012049
77.11382114,0.291177133
77.05691057,0.291177133
77,0.289466439
76.94308943,0.289466439
76.88617886,0.296309213
76.82926829,0.302011525
76.77235772,0.302011525
76.71544715,0.288896208
76.65853659,0.278632047
76.60162602,0.275210661
76.54471545,0.275210661
76.48780488,0.282053434
76.43089431,0.295168751
76.37398374,0.295168751
76.31707317,0.287755746
76.2601626,0.287755746
76.20325203,0.287755746
76.14634146,0.255822801
76.08943089,0.255822801
76.03252033,0.250690721
75.97560976,0.242707485
75.91869919,0.224460088
75.86178862,0.21533639
75.80487805,0.206782922
75.74796748,0.194808068
75.69105691,0.194808068
75.63414634,0.185114139
75.57723577,0.179411827
75.5203252,0.149189576
75.46341463,0.145768189
75.40650407,0.137784953
75.3495935,0.129231486
75.29268293,0.086464149
75.23577236,0.086464149
75.17886179,0.082472531
75.12195122,0.075629758
75.06504065,0.075629758
75.00813008,0.065935828
74.95121951,0.065935828
74.89430894,0.063084672
74.83739837,0.020887567
74.7804878,-0.000781217
74.72357724,-0.00249191
74.66666667,-0.015607227
74.6097561,-0.023020232
74.55284553,-0.010475146
74.49593496,-0.010475146
74.43902439,-0.044689015
74.38211382,-0.044689015
74.32520325,-0.033854623
74.26829268,-0.033854623
74.21138211,-0.04696994
74.15447154,-0.057234101
74.09756098,-0.04696994
74.04065041,-0.032714161
73.98373984,-0.032714161
73.92682927,-0.029292774
73.8699187,-0.029292774
73.81300813,-0.019028614
73.75609756,-0.019028614
73.69918699,0.000359246
73.64227642,0.004921095
73.58536585,0.000359246
73.52845528,-0.026441618
73.47154472,-0.034424855
73.41463415,-0.034424855
73.35772358,-0.024160694
73.30081301,0.007772251
73.24390244,0.008912713
73.18699187,0.022598261
73.1300813,0.022598261
73.07317073,0.040275426
73.01626016,0.046547969
72.95934959,0.046547969
72.90243902,0.05225028
72.84552846,0.05225028
72.78861789,0.074489295
72.73170732,0.088745074
72.67479675,0.109843627
72.61788618,0.109843627
72.56097561,0.112124551
72.50406504,0.137784953
72.44715447,0.156602581
72.3902439,0.156602581
72.33333333,0.140065878
72.27642276,0.133793335
72.2195122,0.159453737
72.16260163,0.159453737
72.10569106,0.141776571
72.04878049,0.141776571
71.99186992,0.146908652
71.93495935,0.146908652
71.87804878,0.144057496
71.82113821,0.144057496
71.76422764,0.164585817
71.70731707,0.164585817
71.6504065,0.15090027
71.59349593,0.15090027
71.53658537,0.172569053
71.4796748,0.172569053
71.42276423,0.172569053
71.36585366,0.201080611
71.30894309,0.201080611
71.25203252,0.201650842
71.19512195,0.201650842
71.13821138,0.206212691
71.08130081,0.21533639
71.02439024,0.206212691
70.96747967,0.211915003
70.91056911,0.211915003
70.85365854,0.233013555
70.79674797,0.258103726
70.7398374,0.258103726
70.68292683,0.257533495
70.62601626,0.257533495
70.56910569,0.260384651
70.51219512,0.278061816
70.45528455,0.292887826
70.39837398,0.292887826
70.34146341,0.289466439
70.28455285,0.275210661
70.22764228,0.275210661
70.17073171,0.288325977
70.11382114,0.303151987
70.05691057,0.311135223
70,0.27977251
69.94308943,0.279202279
69.88617886,0.276351123
69.82926829,0.279202279
69.77235772,0.276351123
69.71544715,0.275210661
69.65853659,0.275210661
69.60162602,0.288896208
69.54471545,0.288896208
69.48780488,0.24498841
69.43089431,0.24042656
69.37398374,0.23529448
69.31707317,0.234724249
69.2601626,0.222179164
69.20325203,0.212485234
69.14634146,0.173709516
69.08943089,0.158313275
69.03252033,0.143487265
68.97560976,0.118397094
68.91869919,0.118397094
68.86178862,0.099579466
68.80487805,0.099009235
68.74796748,0.093306923
68.69105691,0.077340451
68.63414634,0.07677022
68.57723577,0.061373979
68.5203252,0.061373979
68.46341463,0.028870803
68.40650407,0.015755487
68.3495935,0.008342482
68.29268293,0.003780633
68.23577236,-0.005343066
68.17886179,-0.013326302
68.12195122,-0.03214393
68.06504065,-0.03214393
68.00813008,-0.03214393
67.95121951,-0.036135548
67.89430894,-0.040127166
67.83739837,-0.046399709
67.7804878,-0.048110402
67.72357724,-0.056093638
67.66666667,-0.071489879
67.6097561,-0.071489879
67.55284553,-0.045259246
67.49593496,-0.041267628
67.43902439,-0.03727601
67.38211382,-0.03727601
67.32520325,-0.053812714
67.26829268,-0.055523407
67.21138211,-0.061225719
67.15447154,-0.061225719
67.09756098,-0.056093638
67.04065041,-0.056093638
66.98373984,-0.056093638
66.92682927,-0.056093638
66.8699187,-0.050391327
66.81300813,-0.050391327
66.75609756,-0.068068493
66.69918699,-0.068068493
66.64227642,-0.064647106
66.58536585,-0.064647106
66.52845528,-0.080613578
66.47154472,-0.104563286
66.41463415,-0.104563286
66.35772358,-0.097150281
66.30081301,-0.097150281
66.24390244,-0.092588432
66.18699187,-0.092588432
66.1300813,-0.103993055
66.07317073,-0.103993055
66.01626016,-0.103993055
65.95934959,-0.092588432
65.90243902,-0.114257216
65.84552846,-0.096009819
65.78861789,-0.096009819
65.73170732,-0.069208955
65.67479675,-0.069208955
65.61788618,-0.114257216
65.56097561,-0.114257216
65.50406504,-0.110835829
65.44715447,-0.110835829
65.3902439,-0.110835829
65.33333333,-0.100001437
65.27642276,-0.065217337
65.2195122,-0.065217337
65.16260163,-0.083464734
65.10569106,-0.085745658
65.04878049,-0.10171213
64.99186992,-0.109695367
64.93495935,-0.109695367
64.87804878,-0.060085256
64.82113821,-0.060085256
64.76422764,-0.071489879
64.70731707,-0.071489879
64.6504065,-0.068068493
64.59349593,-0.068068493
64.53658537,-0.069779186
64.4796748,-0.069779186
64.42276423,-0.050391327
64.36585366,-0.050391327
64.30894309,-0.058374563
64.25203252,-0.073770804
64.19512195,-0.077762422
64.13821138,-0.078902884
64.08130081,-0.088026583
64.02439024,-0.085745658
63.96747967,-0.085745658
63.91056911,-0.065217337
63.85365854,-0.065217337
63.79674797,-0.068638724
63.7398374,-0.068638724
63.68292683,-0.068638724
63.62601626,-0.068068493
63.56910569,-0.068068493
63.51219512,-0.068068493
63.45528455,-0.084605196
63.39837398,-0.065217337
63.34146341,-0.065217337
63.28455285,-0.074911266
63.22764228,-0.102852593
63.17073171,-0.102852593
63.11382114,-0.051531789
63.05691057,-0.051531789
63,-0.046399709
62.94308943,-0.032714161
62.88617886,-0.032714161
62.82926829,-0.034424855
62.77235772,-0.034424855
62.71544715,0.008342482
62.65853659,0.026019647
62.60162602,0.026019647
62.54471545,0.035713577
62.48780488,0.073348833
62.43089431,0.073348833
62.37398374,0.06194421
62.31707317,0.06194421
62.2601626,0.082472531
62.20325203,0.096158079
62.14634146,0.101860391
62.08943089,0.101860391
62.03252033,0.125239868
61.97560976,0.128661255
61.91869919,0.165156048
61.86178862,0.18568437
61.80487805,0.18568437
61.74796748,0.18568437
61.69105691,0.189675988
61.63414634,0.218757777
61.57723577,0.218757777
61.5203252,0.22046847
61.46341463,0.219898239
61.40650407,0.227311244
61.3495935,0.25012049
61.29268293,0.264376269
61.23577236,0.293458057
61.17886179,0.323680308
61.12195122,0.301441294
61.06504065,0.301441294
61.00813008,0.298019907
60.95121951,0.320258922
60.89430894,0.320258922
60.83739837,0.386405735
60.7804878,0.400661514
60.72357724,0.387546197
60.66666667,0.411495906
60.6097561,0.411495906
60.55284553,0.411495906
60.49593496,0.417198217
60.43902439,0.443999081
60.38211382,0.451412086
60.32520325,0.443999081
60.26829268,0.451412086
60.21138211,0.506724508
60.15447154,0.506724508
60.09756098,0.494179423
60.04065041,0.494179423
59.98373984,0.515277975
59.92682927,0.515277975
59.8699187,0.527252829
59.81300813,0.534095603
59.75609756,0.571160628
59.69918699,0.544359764
59.64227642,0.544359764
59.58536585,0.607655422
59.52845528,0.607655422
59.47154472,0.599101955
59.41463415,0.599101955
59.35772358,0.628753974
59.30081301,0.628753974
59.24390244,0.628753974
59.18699187,0.643579984
59.1300813,0.66638923
59.07317073,0.678934316
59.01626016,0.678934316
58.95934959,0.737097893
58.90243902,0.728544426
58.84552846,0.728544426
58.78861789,0.742229974
58.73170732,0.78499731
58.67479675,0.78499731
58.61788618,0.78499731
58.56097561,0.810087481
58.50406504,0.821492104
58.44715447,0.821492104
58.3902439,0.821492104
58.33333333,0.858557128
58.27642276,0.884787761
58.2195122,0.884787761
58.16260163,0.900184002
58.10569106,0.942381108
58.04878049,0.942381108
57.99186992,0.942381108
57.93495935,0.974884283
57.87804878,1.026205087
57.82113821,1.026205087
57.76422764,1.045592946
57.70731707,1.062129649
57.6504065,1.123714614
57.59349593,1.123714614
57.53658537,1.124855076
57.4796748,1.155077327
57.42276423,1.155077327
57.36585366,1.160779639
57.30894309,1.243463156
57.25203252,1.245173849
57.19512195,1.253157085
57.13821138,1.267983095
57.08130081,1.293643497
57.02439024,1.299345808
56.96747967,1.326146673
56.91056911,1.346104763
56.85365854,1.352377306
56.79674797,1.362641466
56.7398374,1.397995798
56.68292683,1.420234813
56.62601626,1.429928742
56.56910569,1.430498973
56.51219512,1.455018913
56.45528455,1.489803013
56.39837398,1.54283451
56.34146341,1.548536822
56.28455285,1.580469766
56.22764228,1.630079876
56.17073171,1.635211957
56.11382114,1.64205473
56.05691057,1.68653276
56,1.741274951
55.94308943,1.742985644
55.88617886,1.792025523
55.82926829,1.827379855
55.77235772,1.832511935
55.71544715,1.832511935
55.65853659,1.832511935
55.60162602,1.871287653
55.54471545,1.923748919
55.48780488,1.954541401
55.43089431,1.98362319
55.37398374,2.039505843
55.31707317,2.04805931
55.2601626,2.120478666
55.20325203,2.138155832
55.14634146,2.147279531
55.08943089,2.147279531
55.03252033,2.190617098
54.97560976,2.210575188
54.91869919,2.24592952
54.86178862,2.249921138
54.80487805,2.256763912
54.74796748,2.287556394
54.69105691,2.309795409
54.63414634,2.321770263
54.57723577,2.353132976
54.5203252,2.390198001
54.46341463,2.437527187
54.40650407,2.482005216
54.3495935,2.485426603
54.29268293,2.526483246
54.23577236,2.539598563
54.17886179,2.543590181
54.12195122,2.576663587
54.06504065,2.590349135
54.00813008,2.618860693
53.95121951,2.626273698
53.89430894,2.636537858
53.83739837,2.645091326
53.7804878,2.731766461
53.72357724,2.742600853
53.66666667,2.748303164
53.6097561,2.806466741
53.55284553,2.826995063
53.49593496,2.842961535
53.43902439,2.851515002
53.38211382,2.890290721
53.32520325,2.925074821
53.26829268,2.925074821
53.21138211,2.941611524
53.15447154,2.942751987
53.09756098,2.986089554
53.04065041,2.987800248
52.98373984,3.045393594
52.92682927,3.045393594
52.8699187,3.051095905
52.81300813,3.055087523
52.75609756,3.097284629
52.69918699,3.099565553
52.64227642,3.101846478
52.58536585,3.146324508
52.52845528,3.205058316
52.47154472,3.223305713
52.41463415,3.23185918
52.35772358,3.280328828
52.30081301,3.341913793
52.24390244,3.359590958
52.18699187,3.40520945
52.1300813,3.431440083
52.07317073,3.437142395
52.01626016,3.508421289
51.95934959,3.560882555
51.90243902,3.562023017
51.84552846,3.583691801
51.78861789,3.619046132
51.73170732,3.633301911
51.67479675,3.636723298
51.61788618,3.640144685
51.56097561,3.732522131
51.50406504,3.739935136
51.44715447,3.743356523
51.3902439,3.797528483
51.33333333,3.821478191
51.27642276,3.859683678
51.2195122,3.874509688
51.16260163,3.891616623
51.10569106,3.936094652
51.04878049,3.958333667
50.99186992,3.981142913
50.93495935,3.993117767
50.87804878,4.061545506
50.82113821,4.072950129
50.76422764,4.122560239
50.70731707,4.125411395
50.6504065,4.131683937
50.59349593,4.143658791
50.53658537,4.165897806
50.4796748,4.204673525
50.42276423,4.228053002
50.36585366,4.232614851
50.30894309,4.248581323
50.25203252,4.269679876
50.19512195,4.314157906
50.13821138,4.33126484
50.08130081,4.342099232
50.02439024,4.353503855
49.96747967,4.391139111
49.91056911,4.432765985
49.85365854,4.433336216
49.79674797,4.452724075
49.7398374,4.454434769
49.68292683,4.485797482
49.62601626,4.512598346
49.56910569,4.549663371
49.51219512,4.57361308
49.45528455,4.575894004
49.39837398,4.58843909
49.34146341,4.611818567
49.28455285,4.664279833
49.22764228,4.691650928
49.17073171,4.726435028
49.11382114,4.774334445
49.05691057,4.775474907
49,4.776045138
48.94308943,4.78174745
48.88617886,4.825655248
48.82926829,4.874124896
48.77235772,4.881537901
48.71544715,4.894653218
48.65853659,4.933428936
48.60162602,4.988171127
48.54471545,4.996154363
48.48780488,4.996154363
48.43089431,5.01440176
48.37398374,5.044053779
48.31707317,5.078267649
48.2601626,5.078267649
48.20325203,5.083399729
48.14634146,5.111911286
48.08943089,5.146695387
48.03252033,5.14840608
47.97560976,5.2128422
47.91869919,5.233940753
47.86178862,5.237932371
47.80487805,5.261311848
47.74796748,5.293244793
47.69105691,5.298947104
47.63414634,5.314913576
47.57723577,5.319475426
47.5203252,5.395316169
47.46341463,5.3958864
47.40650407,5.409571947
47.3495935,5.409571947
47.29268293,5.439223967
47.23577236,5.439223967
47.17886179,5.442645354
47.12195122,5.468875987
47.06504065,5.517345635
47.00813008,5.55954274
46.95121951,5.572658057
46.89430894,5.585773373
46.83739837,5.585773373
46.7804878,5.615995624
46.72357724,5.615995624
46.66666667,5.615995624
46.6097561,5.619417011
46.55284553,5.658762961
46.49593496,5.695257754
46.43902439,5.695257754
46.38211382,5.698679141
46.32520325,5.716356307
46.26829268,5.723769312
46.21138211,5.748859483
46.15447154,5.748859483
46.09756098,5.748859483
46.04065041,5.765396186
45.98373984,5.771098497
45.92682927,5.774519884
45.8699187,5.798469593
45.81300813,5.832113231
45.75609756,5.846369009
45.69918699,5.862905713
45.64227642,5.862905713
45.58536585,5.880012647
45.52845528,5.902821893
45.47154472,5.916507441
45.41463415,5.916507441
45.35772358,5.907953974
45.30081301,5.907953974
45.24390244,5.959274777
45.18699187,5.963266395
45.1300813,5.988926797
45.07317073,5.994058878
45.01626016,5.99519934
44.95934959,6.03967737
44.90243902,6.03967737
44.84552846,6.05450338
44.78861789,6.06932939
44.73170732,6.077312626
44.67479675,6.079023319
44.61788618,6.110956264
44.56097561,6.126922736
44.50406504,6.140038052
44.44715447,6.140038052
44.3902439,6.161706836
44.33333333,6.16854961
44.27642276,6.186797007
44.2195122,6.190218394
44.16260163,6.23298573
44.10569106,6.276323298
44.04878049,6.279744684
43.99186992,6.296851619
43.93495935,6.337338031
43.87804878,6.337338031
43.82113821,6.329925026
43.76422764,6.329925026
43.70731707,6.365279357
43.6504065,6.374403056
43.59349593,6.388088603
43.53658537,6.412608543
43.4796748,6.418310854
43.42276423,6.437698713
43.36585366,6.487879055
43.30894309,6.508977607
43.25203252,6.511258532
43.19512195,6.523233386
43.13821138,6.559157949
43.08130081,6.583677888
43.02439024,6.587099275
42.96747967,6.593942049
42.91056911,6.593942049
42.85365854,6.607627596
42.79674797,6.624734531
42.7398374,6.624734531
42.68292683,6.661229325
42.62601626,6.725665445
42.56910569,6.714260822
42.51219512,6.714260822
42.45528455,6.72338452
42.39837398,6.738780761
42.34146341,6.765011394
42.28455285,6.79238249
42.22764228,6.806638268
42.17073171,6.811200118
42.11382114,6.824315434
42.05691057,6.84712468
42,6.863091152
41.94308943,6.885330167
41.88617886,6.885900398
41.82926829,6.918973805
41.77235772,6.934370046
41.71544715,6.958319755
41.65853659,6.969154146
41.60162602,6.979418307
41.54471545,6.983409925
41.48780488,6.983980156
41.43089431,6.994814548
41.37398374,7.004508478
41.31707317,7.014772639
41.2601626,7.028458186
41.20325203,7.038722347
41.14634146,7.08491107
41.08943089,7.10943101
41.03252033,7.137942567
40.97560976,7.138512798
40.91869919,7.143074648
40.86178862,7.154479271
40.80487805,7.181280135
40.74796748,7.22347724
40.69105691,7.257691109
40.63414634,7.25826134
40.57723577,7.257691109
40.5203252,7.25826134
40.46341463,7.261682727
40.40650407,7.33239139
40.3495935,7.360902947
40.29268293,7.365464797
40.23577236,7.374018264
40.17886179,7.379150344
40.12195122,7.407661902
40.06504065,7.417355831
40.00813008,7.433322304
39.95121951,7.445867389
39.89430894,7.46639571
39.83739837,7.469817097
39.7804878,7.469817097
39.72357724,7.507452353
39.66666667,7.531402062
39.6097561,7.558773157
39.55284553,7.584433559
39.49593496,7.612945116
39.43902439,7.627771126
39.38211382,7.64943991
39.32520325,7.666546845
39.26829268,7.677381236
39.21138211,7.700190483
39.15447154,7.734974583
39.09756098,7.770328914
39.04065041,7.770328914
38.98373984,7.778882381
38.92682927,7.840467346
38.8699187,7.869549134
38.81300813,7.886656069
38.75609756,7.927142481
38.69918699,7.93683641
38.64227642,7.947670802
38.58536585,7.993289294
38.52845528,8.05544449
38.47154472,8.057725414
38.41463415,8.071981193
38.35772358,8.108475987
38.30081301,8.152383786
38.24390244,8.152383786
38.18699187,8.159796791
38.1300813,8.202564127
38.07317073,8.222522217
38.01626016,8.257306317
37.95934959,8.300643885
37.90243902,8.332006598
37.84552846,8.34797307
37.78861789,8.37249301
37.73170732,8.396442718
37.67479675,8.439780286
37.61788618,8.471142999
37.56097561,8.499084326
37.50406504,8.513340104
37.44715447,8.579486918
37.3902439,8.606858013
37.33333333,8.666162053
37.27642276,8.692392686
37.2195122,8.71919355
37.16260163,8.765952504
37.10569106,8.795034293
37.04878049,8.8281077
36.99186992,8.858900182
36.93495935,8.893114051
36.87804878,8.951277629
36.82113821,8.978078493
36.76422764,8.996896121
36.70731707,9.066464321
36.6504065,9.092124723
36.59349593,9.117214894
36.53658537,9.150858532
36.4796748,9.150858532
36.42276423,9.150858532
36.36585366,9.208451878
36.30894309,9.28372239
36.25203252,9.302540018
36.19512195,9.309382792
36.13821138,9.370397525
36.08130081,9.443387112
36.02439024,9.486154449
35.96747967,9.520938549
35.91056911,9.548879875
35.85365854,9.589366287
35.79674797,9.669768879
35.7398374,9.686305583
35.68292683,9.692578125
35.62601626,9.757014245
35.56910569,9.796360195
35.51219512,9.826012215
35.45528455,9.865928395
35.39837398,9.921811048
35.34146341,9.968570003
35.28455285,10.01304803
35.22764228,10.08717808
35.17073171,10.11797056
35.11382114,10.14762258
35.05691057,10.17670437
35,10.22631448
34.94308943,10.25026419
34.88617886,10.32496447
34.82926829,10.38027689
34.77235772,10.39852429
34.71544715,10.42874654
34.65853659,10.47322457
34.60162602,10.53652023
34.54471545,10.55989971
34.48780488,10.66938409
34.43089431,10.70416819
34.37398374,10.72412628
34.31707317,10.77715778
34.2601626,10.83361066
34.20325203,10.86896499
34.14634146,10.92883926
34.08943089,10.97217683
34.03252033,11.03376179
33.97560976,11.12442855
33.91869919,11.17746004
33.86178862,11.2059716
33.80487805,11.23904501
33.74796748,11.32572014
33.69105691,11.3890158
33.63414634,11.42836175
33.57723577,11.46371608
33.5203252,11.50477272
33.46341463,11.56350653
33.40650407,11.6159678
33.3495935,11.67527184
33.29268293,11.73742703
33.23577236,11.8155487
33.17886179,11.8594565
33.12195122,11.91533915
33.06504065,11.94955302
33.00813008,12.08355734
32.95121951,12.11549029
32.89430894,12.19190126
32.83739837,12.27971686
32.7804878,12.31792235
32.72357724,12.33731021
32.66666667,12.44451366
32.6097561,12.52548649
32.55284553,12.57851798
32.49593496,12.68458098
32.43902439,12.80432952
32.38211382,12.85393963
32.32520325,12.8972772
32.26829268,13.0455373
32.21138211,13.09058556
32.15447154,13.15331098
32.09756098,13.27305952
32.04065041,13.3660072
31.98373984,13.44298841
31.92682927,13.55931556
31.8699187,13.66195717
31.81300813,13.72411237
31.75609756,13.81192796
31.69918699,13.89004963
31.64227642,13.93908951
31.58536585,13.99953401
31.52845528,14.17459498
31.47154472,14.20880884
31.41463415,14.29377329
31.35772358,14.41010044
31.30081301,14.48879234
31.24390244,14.56406285
31.18699187,14.672977
31.1300813,14.72543827
31.07317073,14.80127901
31.01626016,14.91760617
30.95934959,15.02937147
30.90243902,15.11832753
30.84552846,15.23579515
30.78861789,15.54257951
30.73170732,15.60872632
30.67479675,15.70737631
30.61788618,15.80830722
30.56097561,15.87046242
30.50406504,15.89840375
30.44715447,15.98393842
30.3902439,16.14816499
30.33333333,16.23940197
30.27642276,16.33120919
30.2195122,16.51653431
30.16260163,16.63172101
30.10569106,16.7195366
30.04878049,17.02575073
29.99186992,17.16374667
29.93495935,17.312577
29.87804878,17.43574693
29.82113821,17.58799865
29.76422764,17.72827551
29.70731707,17.87482492
29.6504065,18.04418357
29.59349593,18.18959251
29.53658537,18.27455695
29.4796748,18.43935376
29.42276423,18.65262021
29.36585366,18.80658262
29.30894309,19.10424328
29.25203252,19.26333777
29.19512195,19.38536724
29.13821138,19.5073967
29.08130081,19.66934235
29.02439024,19.88545996
28.96747967,20.07591716
28.91056911,20.2486972
28.85365854,20.48534313
28.79674797,20.7100142
28.7398374,20.88735609
28.68292683,21.06298728
28.62601626,21.20839623
28.56910569,21.57961671
28.51219512,21.80371755
28.45528455,22.01584354
28.39837398,22.22968022
28.34146341,22.41671604
28.28455285,22.61173509
28.22764228,22.85237264
28.17073171,23.08274602
28.11382114,23.21846104
28.05691057,23.39295177
28,23.57827689
27.94308943,23.7231156
27.88617886,23.94835691
27.82926829,24.30132999
27.77235772,24.53740569
27.71544715,24.8139678
27.65853659,25.01868078
27.60162602,25.21427007
27.54471545,25.3887608
27.48780488,25.58948216
27.43089431,25.80617
27.37398374,26.01430437
27.31707317,26.19563788
27.2601626,26.44254797
27.20325203,26.65638465
27.14634146,26.92610398
27.08943089,27.40566838
27.03252033,27.61437298
26.97560976,27.90176948
26.91869919,28.19144691
26.86178862,28.40699428
26.80487805,28.65162345
26.74796748,28.9509948
26.69105691,29.2988358
26.63414634,29.58110022
26.57723577,29.82116754
26.5203252,30.14220768
26.46341463,30.46952036
26.40650407,30.73980992
26.3495935,31.23876218
26.29268293,31.54554654
26.23577236,31.93615488
26.17886179,32.3393083
26.12195122,32.72022271
26.06504065,33.01503222
26.00813008,33.26536369
25.95121951,33.51797609
25.89430894,33.80708329
25.83739837,34.16119683
25.7804878,34.53298754
25.72357724,34.87512623
25.66666667,35.20471984
25.6097561,35.51321489
25.55284553,36.15529517
25.49593496,36.48431854
25.43902439,36.8772078
25.38211382,37.21307395
25.32520325,37.51643693
25.26829268,37.81409759
25.21138211,38.23492818
25.15447154,38.62325559
25.09756098,38.99162491
25.04065041,39.34060638
24.98373984,39.59036762
24.92682927,39.87035112
24.8699187,40.28034732
24.81300813,41.27939229
24.75609756,41.8085668
24.69918699,42.21970346
24.64227642,42.68558231
24.58536585,43.07048834
24.52845528,43.45368367
24.47154472,43.82547438
24.41463415,44.18985209
24.35772358,44.67911042
24.30081301,45.28070428
24.24390244,45.82071318
24.18699187,46.31909521
24.1300813,46.78896568
24.07317073,47.78230834
24.01626016,48.40614122
23.95934959,49.02883364
23.90243902,49.57454485
23.84552846,50.07919942
23.78861789,50.64886034
23.73170732,51.20540594
23.67479675,51.82524721
23.61788618,52.49412835
23.56097561,53.09572221
23.50406504,53.56160106
23.44715447,54.03660361
23.3902439,54.60797522
23.33333333,55.89555716
23.27642276,56.51710912
23.2195122,57.10900905
23.16260163,57.58743299
23.10569106,57.98032225
23.04878049,58.31162655
22.99186992,58.65775686
22.93495935,59.14245334
22.87804878,59.52907006
22.82113821,59.69842871
22.76422764,59.80962379
22.70731707,59.82787118
22.6504065,59.86094459
22.59349593,60.06337665
22.53658537,60.1979512
22.4796748,60.24528039
22.42276423,60.2675194
22.36585366,60.27436218
22.30894309,60.30458443
22.25203252,60.39810234
22.19512195,60.53552804
22.13821138,60.72997687
22.08130081,60.91016991
22.02439024,61.02592683
21.96747967,61.14624561
21.91056911,61.25915137
21.85365854,61.4957973
21.79674797,61.51347447
21.7398374,61.51689585
21.68292683,61.54255626
21.62601626,61.57734036
21.56910569,61.57734036
21.51219512,61.54027533
21.45528455,61.54027533
21.39837398,61.618397
21.34146341,61.65660249
21.28455285,61.67941173
21.22764228,61.78262357
21.17073171,62.0358062
21.11382114,62.62770614
21.05691057,62.7862304
21,62.91054079
20.94308943,63.04853673
20.88617886,63.10042776
20.82926829,63.17683874
20.77235772,63.25324971
20.71544715,63.32852022
20.65853659,63.44997946
20.60162602,63.47392917
20.54471545,63.52981182
20.48780488,63.67236961
20.43089431,63.93125455
20.37398374,64.39428224
20.31707317,64.39428224
20.2601626,64.39428224
20.20325203,64.4501649
20.14634146,64.58987153
20.08943089,64.78260966
20.03252033,64.89551543
19.97560976,64.98447149
19.91869919,65.059742
19.86178862,65.18918447
19.80487805,65.27928099
19.74796748,65.36823705
19.69105691,65.62141968
19.63414634,65.81301735
19.57723577,65.95044306
19.5203252,66.04852281
19.46341463,66.13462772
19.40650407,66.24582279
19.3495935,66.32622539
19.29268293,66.45623809
19.23577236,66.55773923
19.17886179,66.64669529
19.12195122,66.68433055
19.06504065,66.69345425
19.00813008,66.7493369
18.95121951,67.08577328
18.89430894,67.23688453
18.83739837,67.32013828
18.7804878,67.38571486
18.72357724,67.47181977
18.66666667,67.55963537
18.6097561,67.70504431
18.55284553,67.85330441
18.49593496,68.03577838
18.43902439,68.25132575
18.38211382,68.32203442
18.32520325,68.36309106
18.26829268,68.44292342
18.21138211,68.87858002
18.15447154,69.03482335
18.09756098,69.14943982
18.04065041,69.2572135
17.98373984,69.3798132
17.92682927,69.54860162
17.8699187,69.72537328
17.81300813,69.91354956
17.75609756,70.14962526
17.69918699,70.37144517
17.64227642,70.52312666
17.58536585,70.69818762
17.52845528,70.83219194
17.47154472,71.10647313
17.41463415,71.18801618
17.35772358,71.24789045
17.30081301,71.36535807
17.24390244,71.51076701
17.18699187,71.64477133
17.1300813,71.74513202
17.07317073,71.76794126
17.01626016,71.82610484
16.95934959,71.95269616
16.90243902,72.02967736
16.84552846,72.07700655
16.78861789,72.14429382
16.73170732,72.2811493
16.67479675,72.40488946
16.61788618,72.47730882
16.56097561,72.52064638
16.50406504,72.59363597
16.44715447,72.68829434
16.3902439,72.73163191
16.33333333,72.73163191
16.27642276,72.68715388
16.2195122,72.68715388
16.16260163,72.68772411
16.10569106,72.7168059
16.04878049,72.76299462
15.99186992,72.78979549
15.93495935,72.81887727
15.87804878,72.87533016
15.82113821,72.9072631
15.76422764,73.00363217
15.70731707,73.05780413
15.6504065,73.05780413
15.59349593,73.05780413
15.53658537,73.05096135
15.4796748,73.02302003
15.42276423,73.02302003
15.36585366,73.07034921
15.30894309,73.07034921
15.25203252,73.0389865
15.19512195,73.03328419
15.13821138,73.02302003
15.08130081,73.00249171
15.02439024,73.00249171
14.96747967,73.01902841
14.91056911,73.01902841
14.85365854,73.01902841
14.79674797,73.03385442
14.7398374,73.08346453
14.68292683,73.1707099
14.62601626,73.24541018
14.56910569,73.37371219
14.51219512,73.61434973
